{"cameraMode":{"drawMode":0,"name":"Shaded","section":"Shading Mode"},"sceneLighting":true,"audioPlay":false,"sceneViewState":{"showFog":true,"showMaterialUpdate":false,"showSkybox":true,"showFlares":true,"showImageEffects":true,"showParticleSystems":true},"in2DMode":false,"pivot":{"x":3.4317898750305177,"y":1.5838115215301514,"z":3.701671600341797},"rotation":{"x":0.2206461876630783,"y":0.7705875635147095,"z":-0.3513772785663605,"w":0.4839257299900055},"size":13.039095878601075,"orthographic":false}